{"stats":{"minecraft:killed_by":{"minecraft:skeleton":1,"minecraft:player":4},"minecraft:custom":{"minecraft:time_since_rest":1788,"minecraft:crouch_one_cm":82,"minecraft:play_time":18325,"minecraft:sprint_one_cm":54981,"minecraft:deaths":6,"minecraft:damage_taken":1668,"minecraft:walk_one_cm":43674,"minecraft:sneak_time":40,"minecraft:mob_kills":2,"minecraft:jump":586,"minecraft:damage_dealt":1935,"minecraft:leave_game":6,"minecraft:time_since_death":1760,"minecraft:total_world_time":18325,"minecraft:fall_one_cm":17701,"minecraft:fly_one_cm":95814,"minecraft:player_kills":4},"minecraft:used":{"minecraft:sand":24,"minecraft:bow":1},"minecraft:killed":{"minecraft:skeleton":1},"minecraft:picked_up":{"minecraft:bone":1,"minecraft:arrow":2,"minecraft:bow":1,"minecraft:sand":46},"minecraft:mined":{"minecraft:sand":22},"minecraft:broken":{"minecraft:bow":1}},"DataVersion":3953}