{"stats":{"minecraft:killed_by":{"minecraft:husk":2,"minecraft:zombie":1,"minecraft:player":1,"minecraft:drowned":1},"minecraft:custom":{"minecraft:time_since_rest":119,"minecraft:deaths":5,"minecraft:play_time":20212,"minecraft:sprint_one_cm":48603,"minecraft:damage_taken":1255,"minecraft:walk_one_cm":23875,"minecraft:sneak_time":8,"minecraft:walk_under_water_one_cm":2454,"minecraft:drop":1,"minecraft:jump":590,"minecraft:damage_dealt":678,"minecraft:leave_game":10,"minecraft:walk_on_water_one_cm":842,"minecraft:time_since_death":0,"minecraft:total_world_time":20212,"minecraft:swim_one_cm":2384,"minecraft:fall_one_cm":24152,"minecraft:fly_one_cm":115255,"minecraft:player_kills":1},"minecraft:dropped":{"minecraft:sand":1},"minecraft:used":{"minecraft:sand":9,"minecraft:cactus":3},"minecraft:picked_up":{"minecraft:stick":4,"minecraft:cactus":3,"minecraft:sand":10},"minecraft:mined":{"minecraft:cactus":1,"minecraft:dead_bush":2,"minecraft:sand":10}},"DataVersion":3953}