{"stats":{"minecraft:killed_by":{"minecraft:husk":2,"minecraft:player":1,"minecraft:drowned":1},"minecraft:custom":{"minecraft:time_since_rest":302,"minecraft:deaths":4,"minecraft:play_time":18862,"minecraft:sprint_one_cm":45381,"minecraft:damage_taken":990,"minecraft:walk_one_cm":21940,"minecraft:sneak_time":8,"minecraft:walk_under_water_one_cm":2454,"minecraft:drop":1,"minecraft:jump":543,"minecraft:damage_dealt":678,"minecraft:leave_game":9,"minecraft:walk_on_water_one_cm":842,"minecraft:time_since_death":0,"minecraft:total_world_time":18862,"minecraft:swim_one_cm":2384,"minecraft:fall_one_cm":21731,"minecraft:fly_one_cm":102738,"minecraft:player_kills":1},"minecraft:dropped":{"minecraft:sand":1},"minecraft:used":{"minecraft:sand":5,"minecraft:cactus":1},"minecraft:picked_up":{"minecraft:stick":4,"minecraft:cactus":1,"minecraft:sand":6},"minecraft:mined":{"minecraft:cactus":1,"minecraft:dead_bush":2,"minecraft:sand":6}},"DataVersion":3953}