{"stats":{"minecraft:killed_by":{"minecraft:husk":1,"minecraft:player":3},"minecraft:custom":{"minecraft:jump":348,"minecraft:time_since_rest":1421,"minecraft:damage_dealt":581,"minecraft:damage_taken":1069,"minecraft:leave_game":4,"minecraft:sprint_one_cm":43989,"minecraft:play_time":14518,"minecraft:walk_one_cm":36919,"minecraft:time_since_death":1394,"minecraft:deaths":4,"minecraft:total_world_time":14518,"minecraft:mob_kills":1,"minecraft:fall_one_cm":9742,"minecraft:fly_one_cm":72849,"minecraft:player_kills":4},"minecraft:killed":{"minecraft:husk":1},"minecraft:used":{"minecraft:sand":1},"minecraft:picked_up":{"minecraft:sand":1,"minecraft:stick":2},"minecraft:mined":{"minecraft:sand":1}},"DataVersion":3953}