{"stats":{"minecraft:custom":{"minecraft:time_since_rest":3781,"minecraft:crouch_one_cm":237,"minecraft:play_time":10030,"minecraft:sprint_one_cm":21500,"minecraft:deaths":3,"minecraft:damage_taken":800,"minecraft:walk_one_cm":28261,"minecraft:sneak_time":48,"minecraft:walk_under_water_one_cm":2369,"minecraft:jump":316,"minecraft:damage_dealt":511,"minecraft:leave_game":5,"minecraft:walk_on_water_one_cm":1092,"minecraft:time_since_death":3336,"minecraft:total_world_time":10030,"minecraft:swim_one_cm":19312,"minecraft:fall_one_cm":7959,"minecraft:fly_one_cm":73632,"minecraft:player_kills":1},"minecraft:used":{"minecraft:sand":1},"minecraft:mined":{"minecraft:dead_bush":2,"minecraft:sand":15},"minecraft:picked_up":{"minecraft:stick":3,"minecraft:sand":13},"minecraft:killed_by":{"minecraft:player":2}},"DataVersion":3953}